feature,importance
HbA1c_level,0.05078536778167145
blood_glucose_level,0.038230046029798244
age,0.036386830886195425
bmi,0.020055054941551922
smoking_history,0.006785941850527785
gender,0.006074315351487288
heart_disease,0.0057290762168651565
hypertension,0.0003265437518178111
