feature,importance
HbA1c_level,0.04956012553203732
blood_glucose_level,0.03530039251879379
age,0.03481753626697775
bmi,0.019233614759042165
smoking_history,0.007221362173269949
gender,0.00640053501221415
heart_disease,0.004559376775882047
hypertension,0.00029598539441323576
