feature,importance
HbA1c_level,0.050173446977578404
blood_glucose_level,0.03906598093877813
age,0.03395452787099804
bmi,0.019937237820069096
smoking_history,0.007160152603084426
gender,0.005687988886660891
heart_disease,0.0037279667956886557
hypertension,0.0011807736428701733
