feature,importance
HbA1c_level,0.04788500351798241
age,0.03526927800430063
blood_glucose_level,0.034788347321783
bmi,0.01966783149437584
smoking_history,0.007112415159833333
gender,0.005933084733250311
heart_disease,0.004621150656139039
hypertension,0.000223359847821187
