feature,importance
HbA1c_level,0.0530960127006417
blood_glucose_level,0.04006533717753832
age,0.03443717075136147
bmi,0.019388341237927466
smoking_history,0.007152705701196415
gender,0.006483708735699683
heart_disease,0.004587702720890475
hypertension,0.0009493073150791464
