feature,importance
HbA1c_level,0.052037346517758466
blood_glucose_level,0.040523741866579574
age,0.03359992951851291
bmi,0.019461102470728568
smoking_history,0.007656070159312217
heart_disease,0.006810998192292204
gender,0.006205374833169234
hypertension,0.00145386975481332
