feature,importance
HbA1c_level,0.05091657521335798
blood_glucose_level,0.03773246759909247
age,0.0319579701524931
bmi,0.01864667051798917
smoking_history,0.007082934870705574
gender,0.005817431966843799
heart_disease,0.005551994266482491
hypertension,0.0012894345718980737
