feature,importance
HbA1c_level,0.05254461119138856
blood_glucose_level,0.03784317503966347
age,0.03313733939635419
bmi,0.02015683773272539
smoking_history,0.007499920164168311
gender,0.0065104961269112395
heart_disease,0.005959535754438779
hypertension,0.0009319833085904152
