feature,importance
blood_glucose_level,0.044350751826618094
age,0.038831563506184885
HbA1c_level,0.037077774434435364
bmi,0.025262517402234355
smoking_history,0.014392020138393753
gender,0.006269263003392017
heart_disease,0.0011084733511351004
hypertension,0.0003409976607928003
