feature,importance
blood_glucose_level,0.04748262977517572
age,0.03858582640960818
HbA1c_level,0.034682965118359284
bmi,0.02805713904907335
smoking_history,0.014119402026629294
gender,0.006137961074094472
heart_disease,0.0016745572191864302
hypertension,0.00035247796987327503
