feature,importance
blood_glucose_level,0.051028797973106534
age,0.037770344688688014
HbA1c_level,0.0363757682673239
bmi,0.02586623062511959
smoking_history,0.013194745015056776
gender,0.007352383442629836
heart_disease,0.0018850253827033812
hypertension,0.00047005818662548257
