feature,importance
blood_glucose_level,0.046014872285663526
age,0.03746386498606811
HbA1c_level,0.03195660653233684
bmi,0.024492884528181647
smoking_history,0.012838114458655509
gender,0.005919759054211884
heart_disease,0.0016206961095602285
hypertension,0.0003222302598416004
