feature,importance
blood_glucose_level,0.04806738801393094
age,0.0401472730131796
HbA1c_level,0.0327733182117231
bmi,0.028337390074039247
smoking_history,0.014060823024863509
gender,0.005836176501377843
heart_disease,0.001017715007186508
hypertension,0.0003167080190613004
