feature,importance
blood_glucose_level,0.04462455422565178
age,0.039342425519059136
HbA1c_level,0.03093320476979725
bmi,0.02687775323710268
smoking_history,0.01236819327314053
gender,0.007579266450719964
heart_disease,0.0009895052530295937
hypertension,0.0002027520561292085
