feature,importance
blood_glucose_level,0.05253516219744174
age,0.04070843342158775
HbA1c_level,0.03771765829234268
bmi,0.02745038669945585
smoking_history,0.012103511295452465
gender,0.006657069177277805
heart_disease,0.0009657337544209495
hypertension,0.0005182462046638647
