feature,importance
blood_glucose_level,0.05248723202395528
age,0.04168980943275289
HbA1c_level,0.03316748476322453
bmi,0.029258590690200065
smoking_history,0.014397345380500179
gender,0.007366373395930522
heart_disease,0.0015785977636547954
hypertension,0.00041727764681667295
