feature,importance
fnlwgt,0.13857543703105726
capital-gain,0.06290770617752267
capital-loss,0.03164622712962686
age,0.027916383917438916
hours-per-week,0.015146190658332885
occupation,0.004559888444624375
education,0.00286394828731009
native-country,0.002632202346636938
educational-num,0.002288426468945044
relationship,0.0010683686589277723
marital-status,0.0006915763642052618
workclass,0.00044203870561227495
race,0.00014232789785816508
gender,7.456182723050201e-05
