feature,importance
RIDAGEYR,0.2769492243629907
LBXGLT,0.006118691781537164
PAQ605,0.005675256631161227
LBXIN,0.004201707654553031
BMXBMI,0.003450726033834574
LBXGLU,0.0031174396929824514
RIAGENDR,0.001216471647869673
DIQ010,0.0007779059628237228
