feature,importance
RIDAGEYR,0.2572443130080631
LBXGLT,0.01805942192778262
LBXGLU,0.010125058044324307
BMXBMI,0.00919310942849405
LBXIN,0.007604850825407432
RIAGENDR,0.0002345426043537761
PAQ605,7.430392289202557e-05
DIQ010,1.1487410488420853e-05
