feature,importance
HbA1c_level,0.06513759486964446
blood_glucose_level,0.04543888768027583
age,0.025895411496687292
bmi,0.013633724282449008
hypertension,0.005145181333478809
smoking_history,0.004867642614869314
gender,0.004083778918761021
heart_disease,0.002565215501150471
