feature,importance
blood_glucose_level,0.05292985059523743
HbA1c_level,0.04022465892857117
age,0.0261119124999997
bmi,0.019801831547618803
smoking_history,0.00573049345238092
hypertension,0.0036240172619047654
heart_disease,0.0029984267857142218
gender,0.0024500351190475927
