feature,importance
blood_glucose_level,0.053938537500000085
HbA1c_level,0.051147938690476125
age,0.029853227976190614
bmi,0.01826416369047618
smoking_history,0.006848336309523738
heart_disease,0.0032266303571428304
gender,0.0026607470238095465
hypertension,0.0009956267857143051
