feature,importance
HbA1c_level,0.05237298154761946
blood_glucose_level,0.04757907202380881
age,0.040941729166666274
bmi,0.017751292261904562
heart_disease,0.010189379166666625
smoking_history,0.005441693452380893
gender,0.0036682398809523655
hypertension,0.0030392410714285625
