feature,importance
blood_glucose_level,0.04988739404761952
HbA1c_level,0.04968932142857158
age,0.02725840357142842
bmi,0.021136299999999827
smoking_history,0.006187936904761858
heart_disease,0.004493572619047447
gender,0.0035354345238095193
hypertension,0.001784058333333256
