feature,importance
blood_glucose_level,0.05329918333333345
HbA1c_level,0.049843560714285744
age,0.02895948452380967
bmi,0.017864157142856902
smoking_history,0.007377178571428557
heart_disease,0.003731884523809454
gender,0.0025196535714286125
hypertension,0.0016939273809523907
