feature,importance
blood_glucose_level,0.05479204761904797
HbA1c_level,0.052387144047619745
age,0.0442260547619044
bmi,0.018325291666666316
heart_disease,0.005554198809523694
smoking_history,0.005281379761904733
gender,0.0038347523809523737
hypertension,0.001378979761904741
