feature,importance
blood_glucose_level,0.04069499404761914
HbA1c_level,0.040551405952380756
age,0.02608092738095225
bmi,0.019959152380952253
smoking_history,0.004345340476190467
gender,0.00383721428571426
heart_disease,0.00348079166666652
hypertension,0.0015214976190476514
