feature,importance
blood_glucose_level,0.08020123154761905
age,0.06746736726190483
HbA1c_level,0.06452716845238059
bmi,0.021744626785714108
hypertension,0.012522524404761851
smoking_history,0.0057872434523808525
gender,0.004124438690476188
heart_disease,0.0036627803571427755
