feature,importance
educational-num,0.11656864752246807
relationship,0.08721658547746558
capital-gain,0.07292329276883776
age,0.026382946053842896
hours-per-week,0.018335611447976463
capital-loss,0.018261758383359448
occupation,0.00962522505163337
education,0.007844893510684627
workclass,0.005758853034508503
fnlwgt,0.005381579185056904
marital-status,0.004812431882364744
gender,0.002398674077062432
native-country,0.002342945572127796
race,0.0019554954748814473
