feature,importance
educational-num,0.13552862295496612
relationship,0.08372932385155352
capital-gain,0.08089409476554728
age,0.02347034135590866
capital-loss,0.020864017630798155
hours-per-week,0.018977196774910776
occupation,0.009517230374593812
marital-status,0.006790598110469246
education,0.005727631824558821
fnlwgt,0.005546837836372917
workclass,0.003431141726830776
gender,0.002005112209690854
race,0.0012356313187573762
native-country,0.0010036851264202803
