feature,importance
educational-num,0.1215710561018289
relationship,0.09609846272421674
capital-gain,0.07733418436469944
capital-loss,0.049215134308405975
age,0.020833157707753843
hours-per-week,0.016998699367144703
education,0.006937671987619567
marital-status,0.005771076574759098
fnlwgt,0.005272139360401457
occupation,0.004774948366079692
workclass,0.0038006178006055108
gender,0.0019311387161066998
race,0.001723248210124381
native-country,0.0012641428769275596
