feature,importance
educational-num,0.10332862656782939
relationship,0.0812404183702293
capital-gain,0.0708503188356897
hours-per-week,0.025800461242946077
age,0.025208582972546915
capital-loss,0.0225934679327747
occupation,0.012048225780228386
education,0.008802574771334936
fnlwgt,0.0075216621606157075
marital-status,0.0073897623334313245
workclass,0.0046875169353233275
race,0.0023083523510744053
gender,0.0018542147128069203
native-country,0.0017771100660552146
