feature,importance
educational-num,0.11978124077965235
relationship,0.09782460122957833
capital-gain,0.06887426011452547
capital-loss,0.041361268839603976
age,0.027417852390212716
hours-per-week,0.024824655422613633
occupation,0.013480126209557845
marital-status,0.009019497449916175
education,0.0066351544200438884
workclass,0.006424614476765875
fnlwgt,0.006396976028613585
gender,0.0028594654158110226
native-country,0.0013914362960866242
race,0.0013654838534860555
