feature,importance
educational-num,0.1336091658487528
relationship,0.11206336972295139
capital-gain,0.06940450886055866
age,0.030005088123895775
hours-per-week,0.02292925400275626
capital-loss,0.017257832399004483
marital-status,0.012828816243458692
occupation,0.01233508758196672
fnlwgt,0.0073518573157582996
education,0.006963082499864255
workclass,0.004804965286349713
gender,0.002341289673818058
native-country,0.0016335587362183563
race,0.0013806277962100431
