feature,importance
educational-num,0.11168871520354723
capital-gain,0.1060381278112735
relationship,0.0926569339988951
capital-loss,0.026556062695318947
age,0.021557297092241873
hours-per-week,0.01641368554792069
occupation,0.008499906667549219
education,0.008025326211966496
fnlwgt,0.005196479861265502
marital-status,0.004659125806121139
workclass,0.003977678490783936
gender,0.0020020412710072336
race,0.0016879023080211089
native-country,0.0014991901151902368
