feature,importance
educational-num,0.13391075009182324
relationship,0.09202826467878275
capital-gain,0.05969338784750731
age,0.02754017811444262
capital-loss,0.01991732551347694
hours-per-week,0.018714179908834103
education,0.008450229718255972
occupation,0.007725006473056599
fnlwgt,0.007633841744292795
marital-status,0.0047194607190810915
workclass,0.0037181239575365356
race,0.0028254743395976804
gender,0.002202103894070564
native-country,0.0014572808343318233
