feature,importance
RIDAGEYR,0.2987146881270822
LBXGLU,0.018200747385781205
BMXBMI,0.01033986462538203
LBXGLT,0.009627656174900322
RIAGENDR,0.009590090488495729
LBXIN,0.007115151575844858
DIQ010,0.0028680926301814635
PAQ605,0.002616424910053287
