feature,importance
relationship,0.06065578135748104
marital-status,0.054911486620341676
educational-num,0.05092626809911187
age,0.04606275912371307
capital-gain,0.043445672644531245
hours-per-week,0.031561408223234014
occupation,0.02678410885932842
capital-loss,0.014877385420439026
education,0.012183579580465651
fnlwgt,0.011428227418923338
gender,0.010287595017738904
workclass,0.00930049866624914
race,0.003383488174878913
native-country,0.0023306572912715116
