feature,importance
age,0.04459246644481106
avg_glucose_level,0.026628059787735345
work_type,0.009178618273920023
smoking_status,0.005882943024393877
Residence_type,0.0021647740935122777
gender,0.0016443563602231007
ever_married,0.0011210731342805157
hypertension,0.0008478557413527149
heart_disease,0.00040069473726141955
