feature,importance
age,0.049187358701492434
avg_glucose_level,0.029237793910242865
work_type,0.013375345448063179
smoking_status,0.007212083613172426
Residence_type,0.002423690491375853
gender,0.0019478006604497133
hypertension,0.0013287460092383464
ever_married,0.0012917093424509147
heart_disease,0.0004963458890506576
