feature,importance
age,0.044013245759282095
avg_glucose_level,0.028342441422856926
work_type,0.0062461186332873645
smoking_status,0.004927563297587158
Residence_type,0.001961628833298166
gender,0.0016044610447614044
ever_married,0.0011017130316445516
hypertension,0.0006775902198924533
heart_disease,0.00039593868997719656
