feature,importance
age,0.0487708135542058
avg_glucose_level,0.027786137051158774
work_type,0.006673075400067106
smoking_status,0.005386140784296294
Residence_type,0.0017628149838791892
gender,0.001544633821371982
ever_married,0.0010231010935443027
hypertension,0.0008837348041199648
heart_disease,0.00031292122815295033
