feature,importance
age,0.046273681282163616
avg_glucose_level,0.027264153645139035
work_type,0.0065830347114967415
smoking_status,0.005315218954896507
gender,0.0019721825254446967
Residence_type,0.0018613071536441874
hypertension,0.0013147702063846065
ever_married,0.001108905327913823
heart_disease,0.0005590930486016019
