feature,importance
age,0.051531978620644
avg_glucose_level,0.02818724514956412
work_type,0.006410615468177676
smoking_status,0.005085721917856746
Residence_type,0.001823986458166306
gender,0.0016138416385587564
ever_married,0.0010638710613378197
hypertension,0.0007641781416979373
heart_disease,0.0003233440730708895
