feature,importance
age,0.05250521240795153
avg_glucose_level,0.02719049409933333
work_type,0.006826812472819129
smoking_status,0.00510231822550878
Residence_type,0.002575027990184143
gender,0.001708134038356754
heart_disease,0.0010635171979183893
ever_married,0.0009825434204320683
hypertension,0.0009551978712958491
