feature,importance
age,0.05004939448766439
avg_glucose_level,0.026980195521236795
work_type,0.006443251544400928
smoking_status,0.0052786326177076985
Residence_type,0.0022477218795029547
gender,0.001573206923253333
ever_married,0.0009921639751803968
hypertension,0.0008409671539891008
heart_disease,0.0002306791669559903
