feature,importance
age,0.03531153838449882
avg_glucose_level,0.00966941454263004
heart_disease,0.008876408621684873
ever_married,0.008024333956020384
hypertension,0.0073069404244456276
work_type,0.0024643105799164724
Residence_type,0.002143274816749241
gender,0.0008040661876511706
smoking_status,0.00011628136873179978
