feature,importance
age,0.036354028114400014
ever_married,0.011261935794435567
avg_glucose_level,0.007568783235258132
hypertension,0.006229051423478789
Residence_type,0.005742627255314206
heart_disease,0.005368374706585404
work_type,0.00207388730408869
gender,0.0004854316708559925
smoking_status,3.004595087556523e-05
