feature,importance
age,0.03789708228597224
avg_glucose_level,0.010391918909876247
work_type,0.010228958954913154
hypertension,0.006745312511832189
heart_disease,0.006176872612243913
ever_married,0.005824953097423128
smoking_status,0.0016226681804982698
Residence_type,0.0015349517726537618
gender,0.000882010498567266
