feature,importance
age,0.032036535830546685
avg_glucose_level,0.011547226541357135
heart_disease,0.0076608861727134065
ever_married,0.007358670390545557
hypertension,0.006957410601235074
Residence_type,0.003522714925127426
work_type,0.002563368232240624
gender,0.0016889558937311622
smoking_status,0.0009545272536640054
