feature,importance
age,0.03832799375295979
ever_married,0.01168598557869248
avg_glucose_level,0.008084955116742351
hypertension,0.006794838217330521
heart_disease,0.0037369580416172854
Residence_type,0.001733883277807026
work_type,0.0012396626428008524
gender,0.0004630637943337889
smoking_status,0.0003429653563903643
