feature,importance
age,0.03322497019543722
work_type,0.0082866667732525
avg_glucose_level,0.006696634014994023
hypertension,0.006355999522160445
ever_married,0.005898535520329663
heart_disease,0.0040381138764642895
Residence_type,0.0020852060042082076
gender,0.000823899581800251
smoking_status,0.0006929726622018926
