feature,importance
age,0.039821972544511565
heart_disease,0.010044485848943073
ever_married,0.00792285483487215
avg_glucose_level,0.007483306525457023
hypertension,0.00566916598070866
Residence_type,0.004666691615823443
work_type,0.004616869757164273
gender,0.002697767928561235
smoking_status,0.0012779610316610822
