feature,importance
age,0.03719926330605851
ever_married,0.008624970033508034
avg_glucose_level,0.008434105840660795
hypertension,0.008417047826651246
heart_disease,0.003642986028283609
work_type,0.002830763676617026
smoking_status,0.0007762485653247842
gender,0.0006525392656029349
Residence_type,0.0003521359290236637
