feature,importance
HbA1c_level,0.05446770392462943
blood_glucose_level,0.04095385134537505
age,0.03987957707952021
bmi,0.02413380307682115
smoking_history,0.012719941760248819
gender,0.008684064183547854
heart_disease,0.0050186002554038775
hypertension,0.0023245959445314765
