feature,importance
HbA1c_level,0.050082520164888594
blood_glucose_level,0.04052473934268342
age,0.03778000009031284
bmi,0.02699011410375391
smoking_history,0.013292238763050955
gender,0.00856023243745944
heart_disease,0.007239176599917995
hypertension,0.0015100951099263256
