feature,importance
HbA1c_level,0.05184199413996991
blood_glucose_level,0.039291231188363626
age,0.03758086179417477
bmi,0.024081307737674085
smoking_history,0.011542526470757306
gender,0.008654546083471566
heart_disease,0.00845122677377978
hypertension,0.0019034958399832735
