feature,importance
HbA1c_level,0.04757632165466971
blood_glucose_level,0.03625064006004141
age,0.03503193612918651
bmi,0.02300195340800291
smoking_history,0.01195588405834116
gender,0.008126856623166086
heart_disease,0.006941621181698686
hypertension,0.0018613670248665776
