feature,importance
HbA1c_level,0.05224110303504498
age,0.036330222386760265
blood_glucose_level,0.03306751898842383
bmi,0.024931800396900888
smoking_history,0.01297196341244799
gender,0.007930935995300889
heart_disease,0.005012924261407296
hypertension,0.0012088504209267759
