feature,importance
HbA1c_level,0.04648411587884146
blood_glucose_level,0.03767524227543293
age,0.03616865382399484
bmi,0.026102709160843823
smoking_history,0.012070560195160977
gender,0.007610075217224053
heart_disease,0.004282779857872871
hypertension,0.0015626497520123894
