feature,importance
HbA1c_level,0.04754119184185382
age,0.03520362687390442
blood_glucose_level,0.03268211202231042
bmi,0.026239082072535662
smoking_history,0.01200879669105376
gender,0.008322610094868618
heart_disease,0.006923914601521155
hypertension,0.0011959717763816676
