feature,importance
HbA1c_level,0.05122992344746323
blood_glucose_level,0.03672299573988028
age,0.035935863497535615
bmi,0.025310271697751123
smoking_history,0.012972394724098427
gender,0.007701515725862577
heart_disease,0.007410738970301573
hypertension,0.001605512051048378
