feature,importance
age,0.047276486619762026
avg_glucose_level,0.016062426730966334
smoking_status,0.009436595882645296
ever_married,0.006817531217966629
hypertension,0.005536837006492092
work_type,0.0054501911129748734
heart_disease,0.0052918628661510255
Residence_type,0.0052700496225887615
gender,0.004803910826887836
