feature,importance
relationship,0.087285509019198
educational-num,0.06656813092162848
capital-gain,0.05297600805282704
age,0.04135953681262668
marital-status,0.034646004855007725
hours-per-week,0.031521687280450225
capital-loss,0.02383273396982917
occupation,0.013907842483856037
fnlwgt,0.013464849366658302
gender,0.012906877765027587
education,0.012067044779934687
workclass,0.008406937462670608
race,0.005687009236185009
native-country,0.0022459312410090444
