feature,importance
relationship,0.07752508738483661
educational-num,0.06677491640079086
capital-gain,0.05338060565520084
age,0.041828089404458715
hours-per-week,0.03508726702872773
marital-status,0.0326234032079409
capital-loss,0.01621867686198233
fnlwgt,0.015683885237788454
occupation,0.014186099997476786
gender,0.013111844707992721
education,0.012766688637784887
workclass,0.009194239676011644
race,0.005367748381879099
native-country,0.002426150946815415
