feature,importance
relationship,0.08187472735168357
educational-num,0.0656678850300486
age,0.04729010495241175
capital-gain,0.04701606911174759
marital-status,0.036045134709119644
hours-per-week,0.03284268455309243
occupation,0.01609485648953002
education,0.014128216999667046
fnlwgt,0.01285686805615887
gender,0.011306712986658484
capital-loss,0.009695643431187579
workclass,0.007835752968502372
race,0.005464074414493006
native-country,0.0026472660918190572
