feature,importance
relationship,0.08237760199222506
capital-gain,0.07580847205746873
educational-num,0.0636586261681968
age,0.04168713892456351
marital-status,0.03140070479046363
hours-per-week,0.03046261990495855
capital-loss,0.015517524783277996
occupation,0.014811173279220524
gender,0.014193634263819097
education,0.01189402175477625
fnlwgt,0.011467325770824264
workclass,0.007940181220507447
race,0.005394873437756729
native-country,0.0024533568169820843
