feature,importance
relationship,0.08012583435984681
educational-num,0.07487777399310615
capital-gain,0.04869809274492903
age,0.04526607947795768
marital-status,0.03670283359039196
hours-per-week,0.03336787530039148
occupation,0.019635041060543413
education,0.014555636022655541
gender,0.012983821341618886
fnlwgt,0.012505892214496597
capital-loss,0.011969424007600742
workclass,0.008026301059373488
race,0.004746043782238076
native-country,0.0020588284075018053
