feature,importance
relationship,0.08071891832708074
educational-num,0.07123100968148526
capital-gain,0.06157769260606268
age,0.041874597972979696
hours-per-week,0.03538719476274485
marital-status,0.03186571799750719
occupation,0.016265853163970077
education,0.014877183848869697
capital-loss,0.012971467507260834
fnlwgt,0.012146714662628311
gender,0.011585765772682279
workclass,0.008988367986768863
race,0.004986676045072564
native-country,0.002608415225031565
