feature,importance
relationship,0.07769707621834714
educational-num,0.06664127008905732
capital-gain,0.051852032602272204
age,0.04211097621728592
marital-status,0.03397202823313778
hours-per-week,0.03385390623758983
capital-loss,0.022662275707498666
occupation,0.01832775661692664
gender,0.014524615498978781
education,0.013383453332914666
fnlwgt,0.010955437126329712
workclass,0.008628239100533237
race,0.0044095937823384135
native-country,0.0022479682149244154
