feature,importance
relationship,0.08614831261811684
educational-num,0.071772832636996
age,0.04847004976727123
capital-gain,0.045343021433775624
hours-per-week,0.037104535861739486
marital-status,0.03117442768498539
fnlwgt,0.01561187239733643
occupation,0.013959103002752953
gender,0.012815998093064673
education,0.012801827597760359
capital-loss,0.011040545093766873
workclass,0.0094733513897933
race,0.005786877899076517
native-country,0.003750091989093731
