feature,importance
RIDAGEYR,0.08463776629072695
LBXGLT,0.07476710004177105
BMXBMI,0.03429456453634079
LBXIN,0.01738666979949874
LBXGLU,0.014516003550543014
PAQ605,0.014476686507936504
RIAGENDR,0.008379620927318285
DIQ010,0.0031771355472013318
