feature,importance
RIDAGEYR,0.1484438439849624
LBXGLT,0.060901811821219766
BMXBMI,0.029610928362573098
LBXGLU,0.023104923767752694
LBXIN,0.02246311090225565
PAQ605,0.007402333959899745
RIAGENDR,0.005023835630743514
DIQ010,0.0014611267752715129
