feature,importance
RIDAGEYR,0.1411927213868003
LBXGLT,0.06571893274853807
BMXBMI,0.02737646198830412
LBXIN,0.027085474101921466
LBXGLU,0.020412750626566424
RIAGENDR,0.007936925647451961
PAQ605,0.007816624895572256
DIQ010,0.0019003237259816196
