feature,importance
RIDAGEYR,0.1169811246867168
LBXGLT,0.05690875626566409
LBXGLU,0.02303490497076026
LBXIN,0.019015951336675004
BMXBMI,0.015125287176274009
PAQ605,0.006779474728487888
RIAGENDR,0.006687317251461982
DIQ010,0.0012529500835421876
