feature,importance
RIDAGEYR,0.06630239661654136
LBXGLT,0.06589925334168757
BMXBMI,0.027370274644945663
LBXGLU,0.02342687447786131
LBXIN,0.0162312291144528
PAQ605,0.01073660714285713
RIAGENDR,0.005815345655806189
DIQ010,0.0031619935254803676
