feature,importance
RIDAGEYR,0.14879918546365906
LBXGLT,0.059250000000000025
LBXIN,0.03072723475355054
BMXBMI,0.022973736424394323
LBXGLU,0.020358865914786944
RIAGENDR,0.00868812656641604
PAQ605,0.006794956140350883
DIQ010,0.0007351712614870503
