feature,importance
RIDAGEYR,0.13929526942355877
LBXGLT,0.06883354218880534
BMXBMI,0.03513241436925645
LBXGLU,0.026099467418546355
LBXIN,0.01970389515455305
RIAGENDR,0.014743995405179604
PAQ605,0.013504229323308282
DIQ010,0.0026282372598162014
