feature,importance
LBXGLT,0.09997673872180445
RIDAGEYR,0.08640478801169595
BMXBMI,0.028710030284043453
LBXGLU,0.01643178258145363
PAQ605,0.013729662698412696
LBXIN,0.010655101294903914
RIAGENDR,0.008085917919799502
DIQ010,0.0009406589390142019
