feature,importance
RIDAGEYR,0.08188614766081863
LBXGLT,0.06949423036758565
BMXBMI,0.030705174394319138
LBXIN,0.022763914995822903
LBXGLU,0.015649671052631584
PAQ605,0.010125391604010029
RIAGENDR,0.007063518170426058
DIQ010,0.0028916823308270663
