feature,importance
RIDAGEYR,0.15590277777777775
LBXGLT,0.0736682330827068
LBXGLU,0.023640820802005042
PAQ605,0.019878759398496253
BMXBMI,0.01867209690893902
LBXIN,0.011397974101921464
RIAGENDR,0.009740027151211365
DIQ010,0.0021271407685881363
