feature,importance
LBXGLT,0.09201905806182116
RIDAGEYR,0.0775722639933166
BMXBMI,0.04448819966583127
LBXGLU,0.017476869256474556
PAQ605,0.016367637844611538
RIAGENDR,0.012353748955722643
LBXIN,0.010321428571428582
DIQ010,0.002568347953216373
