feature,importance
LBXGLT,0.07715196846282364
RIDAGEYR,0.07697590329991645
BMXBMI,0.02929780179615707
LBXGLU,0.025904213659147895
LBXIN,0.02312544381787806
RIAGENDR,0.01668397556390976
PAQ605,0.016261513157894744
DIQ010,0.012024671052631589
