feature,importance
RIDAGEYR,0.10907056704260648
LBXGLT,0.09239314431913116
BMXBMI,0.022373929615705942
LBXGLU,0.019597509398496252
RIAGENDR,0.012838580827067668
PAQ605,0.010561586257309958
LBXIN,0.010404683583959892
DIQ010,0.007452302631578951
