feature,importance
age,0.049650354434848
avg_glucose_level,0.02700033494135706
smoking_status,0.005845182337301514
work_type,0.003725341141165072
Residence_type,0.002154366665492451
gender,0.0017082668673018796
ever_married,0.0009469004192462438
hypertension,0.0008005679933655548
heart_disease,0.00035123966950546267
