feature,importance
age,0.03943653123349803
avg_glucose_level,0.02576275121920911
ever_married,0.014123524523964858
work_type,0.011663082813033882
smoking_status,0.010073525300531181
hypertension,0.008059019041406504
gender,0.007642433914204955
Residence_type,0.005252795638803468
heart_disease,0.0038558265772062252
