feature,importance
age,0.03805396359457028
avg_glucose_level,0.02254976625353337
ever_married,0.01620057543565373
smoking_status,0.01583158994191282
work_type,0.010573599074332949
hypertension,0.010377135557419318
heart_disease,0.005799288665237778
Residence_type,0.005721309756779414
gender,0.004969240207498519
