feature,importance
age,0.041439575373528416
avg_glucose_level,0.027612112881682353
work_type,0.012112198303979119
smoking_status,0.011946781909110672
ever_married,0.011409588264529534
Residence_type,0.00945523095082782
gender,0.007515694405616118
hypertension,0.007255327245053256
heart_disease,0.0028908419532196476
