feature,importance
age,0.037406773211567726
avg_glucose_level,0.031859992855589714
smoking_status,0.011998462398658101
work_type,0.008903103935638179
ever_married,0.008755894138477301
gender,0.006210969776038274
hypertension,0.005844216910508499
Residence_type,0.004533171030969461
heart_disease,0.003148988134066416
