feature,importance
age,0.034378160624980544
avg_glucose_level,0.022599489795918384
smoking_status,0.010594853694902614
work_type,0.00964435203305067
ever_married,0.008033749572888523
Residence_type,0.005610718945112293
gender,0.0051208259559531715
hypertension,0.004239702730407243
heart_disease,0.002134101357437951
