feature,importance
age,0.029426136893113408
avg_glucose_level,0.02541326918895414
work_type,0.008892119404839562
smoking_status,0.008240902525393723
hypertension,0.008012180442953433
ever_married,0.006587270524648225
gender,0.006032945826732522
Residence_type,0.00491806836890007
heart_disease,0.0034672133693660094
