feature,importance
age,0.03810536840306897
avg_glucose_level,0.025987074053365658
smoking_status,0.012260716615413303
work_type,0.01201462274407478
ever_married,0.008685265430373085
Residence_type,0.007361732364178551
hypertension,0.006898130028267018
gender,0.0057111056751467685
heart_disease,0.0037385572950641415
