feature,importance
age,0.027141039977634885
avg_glucose_level,0.02359006616345165
smoking_status,0.012235412201410247
work_type,0.008294229335569848
Residence_type,0.0057860443264063565
gender,0.0049032398347466895
ever_married,0.00469864178548132
hypertension,0.003925325381294071
heart_disease,0.002896413816668216
