feature,importance
age,0.041216776628459566
avg_glucose_level,0.01539762685211071
work_type,0.010917434923741183
smoking_status,0.008418453856428405
ever_married,0.008197480974124816
hypertension,0.006118715792252978
gender,0.005280518202714876
Residence_type,0.005052451192805891
heart_disease,0.004274880564097785
