feature,importance
age,0.03751083923523747
avg_glucose_level,0.020586516595222575
work_type,0.010859648992016892
hypertension,0.010362380797067675
smoking_status,0.009494109006616352
ever_married,0.008688806611685779
Residence_type,0.00493376619140807
gender,0.004309340578697226
heart_disease,0.00392571288789488
