feature,importance
age,0.03770366053955825
avg_glucose_level,0.015122222261050536
work_type,0.01122159689218152
smoking_status,0.00898384831329792
ever_married,0.0065189917450998594
hypertension,0.005963680458484769
Residence_type,0.004712907076072428
gender,0.004249935777964148
heart_disease,0.002467391397198146
