feature,importance
age,0.032150104137545446
avg_glucose_level,0.017702034021371115
smoking_status,0.010253537958562434
work_type,0.009934726260367153
hypertension,0.007503004069207592
ever_married,0.004809189031777091
Residence_type,0.004770608672692821
gender,0.004472683230826579
heart_disease,0.0028576206007517144
