feature,importance
age,0.04070389234460907
avg_glucose_level,0.017861783384586688
work_type,0.012971919594321748
ever_married,0.00821287081042463
hypertension,0.00769469779921101
smoking_status,0.007692893059050109
Residence_type,0.006586055858416426
gender,0.004868248726431211
heart_disease,0.003642635239027117
