feature,importance
age,0.0417567120569689
avg_glucose_level,0.014628144122945972
work_type,0.013269457801385394
ever_married,0.007655479607368058
smoking_status,0.007601803187028232
hypertension,0.0051941813437703915
Residence_type,0.0048804658233156314
gender,0.004356775269468513
heart_disease,0.0019830762898766815
