feature,importance
age,0.038554017604758864
avg_glucose_level,0.0162095247414034
work_type,0.012134082642189294
smoking_status,0.009236848849128695
hypertension,0.008071295312645612
ever_married,0.007660479141428263
gender,0.005485945585996961
Residence_type,0.005025680932190232
heart_disease,0.004308843653899916
