feature,importance
age,0.038609286102568835
avg_glucose_level,0.01571909060199423
work_type,0.010165500613487418
smoking_status,0.0072281213307240745
ever_married,0.006622661564625848
heart_disease,0.006200031489764853
hypertension,0.006097335212623857
Residence_type,0.006000950711334761
gender,0.0033385039837852946
