feature,importance
blood_glucose_level,0.06797992004956147
age,0.029381651538636595
HbA1c_level,0.01863884679315461
bmi,0.018483153596692795
smoking_history,0.0085095048313337
gender,0.00457113680804784
hypertension,0.0013142731016770935
heart_disease,0.0005726572945774556
