feature,importance
RIDAGEYR,0.08425168344103101
LBXGLT,0.05503860351917317
BMXBMI,0.03089287251347464
RIAGENDR,0.022823107101417547
LBXIN,0.019890332025236563
LBXGLU,0.01889491875895095
PAQ605,0.018471948353873044
DIQ010,0.004053593221230989
