feature,importance
RIDAGEYR,0.12873096991186217
LBXGLT,0.0474722041650298
LBXGLU,0.02590737839027546
BMXBMI,0.024724705307933383
LBXIN,0.02097650491317993
PAQ605,0.01606967732088573
RIAGENDR,0.006747246023354511
DIQ010,0.001341891125072105
