feature,importance
RIDAGEYR,0.12124089189387974
LBXGLT,0.036495488873266126
BMXBMI,0.03361475441808062
LBXGLU,0.022503899362120564
LBXIN,0.021397646585668867
PAQ605,0.012699272167894939
RIAGENDR,0.007286508233215311
DIQ010,0.0011740299405093402
