feature,importance
RIDAGEYR,0.13256991679305744
LBXGLT,0.041603155228307244
BMXBMI,0.02863891040514647
LBXGLU,0.02295196244413945
LBXIN,0.0215517840643689
PAQ605,0.015427238654050802
RIAGENDR,0.008067708626932735
DIQ010,0.0014310198673767758
