feature,importance
RIDAGEYR,0.13297393349548645
LBXGLT,0.037321503374217635
BMXBMI,0.033269498218098145
LBXIN,0.023909126744813408
LBXGLU,0.02143857448101073
PAQ605,0.013196101943226112
RIAGENDR,0.00886433383806739
DIQ010,0.0006079176852514915
