feature,importance
RIDAGEYR,0.12954368922906626
LBXGLT,0.037106935178969284
BMXBMI,0.0338824685885928
LBXGLU,0.022283619303508428
LBXIN,0.020548552515340948
PAQ605,0.012367605754009681
RIAGENDR,0.007482580684722708
DIQ010,0.0007865341752197932
