feature,importance
RIDAGEYR,0.12944211599633174
LBXGLT,0.06501038229703729
BMXBMI,0.030464184575662592
LBXIN,0.027581370419156058
LBXGLU,0.027366739830642126
PAQ605,0.020890535878261854
RIAGENDR,0.01433971761883138
DIQ010,0.004337167642606392
