feature,importance
RIDAGEYR,0.06888289438253371
LBXGLT,0.06052986520694245
BMXBMI,0.03798313089525086
RIAGENDR,0.026026795175562903
PAQ605,0.022574931207852204
LBXIN,0.020339219354189024
LBXGLU,0.01997601953900581
DIQ010,0.007881704899574567
