feature,importance
RIDAGEYR,0.0732024921995834
LBXGLT,0.06730030245807606
RIAGENDR,0.028347320315588363
BMXBMI,0.027310283915942774
PAQ605,0.023841108295400495
LBXIN,0.020240894588689808
LBXGLU,0.016706438108879246
DIQ010,0.001336140657721329
