feature,importance
RIDAGEYR,0.09051617709908036
LBXGLT,0.053291744492661365
BMXBMI,0.0306474035552596
RIAGENDR,0.022114984020823434
LBXGLU,0.019397431153321442
LBXIN,0.016813931416914854
PAQ605,0.01675349571588226
DIQ010,0.003140018263250723
