feature,importance
RIDAGEYR,0.0918288013659013
LBXGLT,0.05304212043708812
BMXBMI,0.028088642705643558
RIAGENDR,0.02580525849469906
LBXGLU,0.018066062283252166
LBXIN,0.01740344954689965
PAQ605,0.016519274979739814
DIQ010,0.002838385927202265
