feature,importance
RIDAGEYR,0.10701804125375895
LBXGLT,0.0671988886580589
PAQ605,0.027833947367840013
LBXGLU,0.026618948974777026
BMXBMI,0.0259416995108646
LBXIN,0.01729853344489507
RIAGENDR,0.010341744605546458
DIQ010,0.0012908396572172025
