feature,importance
RIDAGEYR,0.12217082497807845
LBXGLT,0.03981682546893026
BMXBMI,0.030966498328120224
LBXGLU,0.0217717173663325
LBXIN,0.021685933617733143
PAQ605,0.013391650478917199
RIAGENDR,0.008654720006447993
DIQ010,0.0008064331538170842
