feature,importance
age,0.03858436254528657
ever_married,0.010632248804294009
avg_glucose_level,0.008328360729346033
heart_disease,0.007039956025022132
hypertension,0.005179731557241817
Residence_type,0.0014733378633458648
work_type,0.00044024826952054923
gender,0.00043530853234414026
smoking_status,1.9699272882996187e-05
