feature,importance
capital-gain,0.054590226514019034
fnlwgt,0.030946889655840373
capital-loss,0.02998834065971582
native-country,0.01354173628448294
age,0.002701717960464201
education,0.0019256824165942875
relationship,0.001114720620430377
marital-status,0.0009595170794927019
occupation,0.0008747347843130316
hours-per-week,0.0007059800930855143
workclass,0.00028437230452362856
race,0.00019624194577103264
educational-num,6.807533229707446e-05
gender,3.4686248697851056e-05
