feature,importance
RIDAGEYR,0.3041228070175412
PAQ605,7.374476881975966e-18
BMXBMI,7.374476881975966e-18
RIAGENDR,3.3781457163758876e-18
LBXGLU,2.215957071834408e-18
LBXGLT,1.4893514053616666e-18
DIQ010,3.633028332363708e-19
LBXIN,0.0
