feature,importance
HbA1c_level,0.07164246964285587
blood_glucose_level,0.046470277976189016
age,0.0032734374999999895
bmi,0.0031474732142856743
hypertension,0.0016500113095237548
heart_disease,0.001296729166666637
smoking_history,0.0012639589285714215
gender,0.0005303553571428864
