feature,importance
educational-num,0.09363346239303989
relationship,0.08188013704816141
capital-gain,0.06881058329770352
age,0.03413489850848559
marital-status,0.029515694905251355
capital-loss,0.024230850288727103
hours-per-week,0.01859098107458664
occupation,0.017648142684240233
education,0.008068168817326884
fnlwgt,0.0065852667200565615
workclass,0.005270272711397634
gender,0.003077652598555955
race,0.002141437801448661
native-country,0.0017281255833277163
