feature,importance
fnlwgt,0.1036550164892666
capital-gain,0.09744875602944243
capital-loss,0.04334369595965136
occupation,0.04114424104976528
education,0.031119181182949495
age,0.0064451179172908615
hours-per-week,0.003788423340555187
marital-status,0.0017295916827729744
native-country,0.0008140276654560266
race,0.0005339689344351655
educational-num,0.00032793831561828677
relationship,0.00014461152114790202
workclass,9.004731438529651e-05
gender,2.468606058049653e-05
