feature,importance
fnlwgt,0.11421127231432164
capital-gain,0.06560870423937763
capital-loss,0.034809043264617
occupation,0.03102095700971544
education,0.02415377213668496
age,0.010707902883140519
hours-per-week,0.005668174197503825
marital-status,0.0022576886506779784
native-country,0.001033454345188188
race,0.0006343639821871649
educational-num,0.00047937393986737014
relationship,0.00023484075871147293
workclass,0.0001353378248889626
gender,2.2552208660831696e-05
