feature,importance
fnlwgt,0.11279765468284529
capital-gain,0.05939535719706619
occupation,0.03262619164844569
education,0.028798475715800576
capital-loss,0.027019514928704354
age,0.00838685051683194
hours-per-week,0.00545625237295
marital-status,0.0026320524964119573
native-country,0.0009836636195256828
educational-num,0.0005108021713527061
race,0.0003110780780800471
relationship,0.000202576380252804
workclass,0.00011333637786837411
gender,1.9917715743633492e-05
