feature,importance
fnlwgt,0.11154500466830707
capital-gain,0.07003906999543535
occupation,0.035143359598633725
capital-loss,0.03156180920200549
education,0.030046418233249925
age,0.006964437178838254
hours-per-week,0.003995318908419689
marital-status,0.002076913333439059
native-country,0.0007439515924071826
race,0.00048806809830095085
educational-num,0.0004026150881805055
relationship,0.00019335025468373058
workclass,0.00012627097476353342
gender,2.236020004744372e-05
