feature,importance
fnlwgt,0.10506001541936574
capital-gain,0.05453303680674079
occupation,0.04451873519784538
education,0.03387119111094035
capital-loss,0.027872535630131832
age,0.004803399442825407
hours-per-week,0.0033342113751131663
marital-status,0.0017121310612386402
native-country,0.0005702147915495523
educational-num,0.00034465206953037265
race,0.00031502113525463043
relationship,0.00020721753329346084
workclass,9.37298011506594e-05
gender,1.555694617604792e-05
