feature,importance
fnlwgt,0.10452805246957625
capital-gain,0.0755258802693286
occupation,0.042234114635427845
education,0.03131068706783386
capital-loss,0.03068984088034325
age,0.005438549833635924
hours-per-week,0.003185026214514196
marital-status,0.001226214336795717
native-country,0.0005378017211446481
race,0.0005142130040043764
educational-num,0.0002698051599776214
relationship,0.00014421868476501457
workclass,8.332086534592954e-05
gender,1.656215674161337e-05
