feature,importance
fnlwgt,0.10340389757057457
capital-gain,0.0700748407612261
occupation,0.03925602374112388
education,0.03159961068593386
capital-loss,0.025749311551442753
age,0.005219244848601135
hours-per-week,0.0035902379923382064
marital-status,0.0013673698810440752
native-country,0.000718261212490644
race,0.00034432369522288697
educational-num,0.0003025968099901129
relationship,0.00014182073722896534
workclass,7.837289317415148e-05
gender,1.2747831551607857e-05
