feature,importance
fnlwgt,0.10268867935421484
capital-gain,0.08811129744812943
occupation,0.03972384733904115
education,0.03367563146486357
capital-loss,0.02628529645716225
age,0.005111254325834745
hours-per-week,0.0032077900454635217
marital-status,0.0014150755877569878
native-country,0.0008246168179457884
educational-num,0.00027944983982091927
race,0.00025974326774673965
relationship,0.00013283368715091292
workclass,7.67566003455324e-05
gender,1.4333363305828787e-05
