feature,importance
age,0.038846628148976534
avg_glucose_level,0.025453343894635452
smoking_status,0.011787042214145924
ever_married,0.008406617898300878
work_type,0.008356707979995652
Residence_type,0.006746788898207697
gender,0.006123023638679215
heart_disease,0.005107146739974521
hypertension,0.004038533221507782
