feature,importance
capital-gain,0.07184878613399208
occupation,0.033286715614926944
marital-status,0.03312869478944729
capital-loss,0.03246000616990406
native-country,0.020851004677849474
age,0.020369250100025334
fnlwgt,0.01363979985819135
hours-per-week,0.011486721210864689
race,0.005257883172496597
relationship,0.0024619085110881094
educational-num,0.002069747831880427
education,0.0006025607335230137
workclass,0.00046089155465289214
gender,0.00010644225966834733
