feature,importance
marital-status,0.06932263111531717
capital-gain,0.06917662371934959
occupation,0.027044886308890924
capital-loss,0.026187761765327538
age,0.01887134332945305
education,0.017368642650745208
educational-num,0.014707819863738862
fnlwgt,0.014228439524704331
race,0.014047890837634417
native-country,0.011409021274577396
hours-per-week,0.010763592218603887
relationship,0.00857386688915245
workclass,0.001492684342128112
gender,0.00047030110058780215
