feature,importance
capital-gain,0.06636527121639327
occupation,0.03382698010509168
marital-status,0.03356141917660726
capital-loss,0.03216340892943421
native-country,0.02058710075392317
fnlwgt,0.017887189431918606
age,0.01692108905423451
hours-per-week,0.011954307893781808
race,0.005295603161633239
relationship,0.002302643695660191
educational-num,0.002072187215305286
education,0.0015315279045367092
workclass,0.00040952614475821595
gender,0.00010386075247594222
