feature,importance
capital-gain,0.07009120392335433
capital-loss,0.03386244568963928
occupation,0.027993265687090492
education,0.02596549732116048
fnlwgt,0.018548597053181442
native-country,0.009708964739674726
marital-status,0.007523265308287572
age,0.006459301616585292
race,0.0018384494368249495
hours-per-week,0.001377163908534155
relationship,0.0007516827494681223
educational-num,0.00025048741025459107
workclass,0.00016228914882327836
gender,2.5665155907457265e-05
