feature,importance
capital-gain,0.08598979492978036
marital-status,0.06731175525226407
capital-loss,0.02776443784893298
native-country,0.025519023323082656
occupation,0.022865506360905563
age,0.01986747224555136
educational-num,0.013654108793919338
race,0.012997315023763976
hours-per-week,0.01280279242923205
fnlwgt,0.011221500049663283
relationship,0.008471700397180204
education,0.007924022360447048
workclass,0.0013070035972173966
gender,0.00042289853582545665
