feature,importance
capital-gain,0.06598448181798222
occupation,0.03833417885041616
capital-loss,0.0342559850124118
marital-status,0.024389143209083353
education,0.020975856585802605
fnlwgt,0.017985291587565393
age,0.017137506288909463
native-country,0.01309426819560971
hours-per-week,0.00902343278902806
race,0.0030257043707388265
relationship,0.0016031082508910814
educational-num,0.0014383382996366201
workclass,0.0002544050081327316
gender,6.513289024844645e-05
