feature,importance
capital-gain,0.061149844479025176
occupation,0.03390322586241597
education,0.033893209885260615
capital-loss,0.024916136751344256
fnlwgt,0.01721998091514758
marital-status,0.01002396582082218
native-country,0.007556891729207821
age,0.00666945301348066
hours-per-week,0.00213308311704798
race,0.0009838534223546628
relationship,0.0006229222120901698
educational-num,0.00033871510466018065
workclass,0.00015431980209455054
gender,2.4872838535289028e-05
