feature,importance
capital-gain,0.0958184604041181
capital-loss,0.040782319136448746
marital-status,0.03351478792050593
occupation,0.0263903382019613
age,0.02453240912791531
native-country,0.024173708745610305
fnlwgt,0.01757980665090446
hours-per-week,0.014383142185019187
education,0.01252926657828529
race,0.007307588529197297
relationship,0.0023564230114919097
educational-num,0.002353833734845955
workclass,0.0003688549973307648
gender,0.00011661183879848633
