feature,importance
RIDAGEYR,0.1840611424467028
BMXBMI,0.028209263046171527
RIAGENDR,0.01616683446380034
LBXIN,0.01378979424346061
LBXGLT,0.01274191403507805
PAQ605,0.00874436706831826
LBXGLU,0.006299362871441706
DIQ010,0.0022039511683795364
