feature,importance
RIDAGEYR,0.1854588337973284
BMXBMI,0.03405450772421072
LBXIN,0.026348133375898943
LBXGLT,0.02449618826543133
RIAGENDR,0.01712982324732044
PAQ605,0.01316861271344158
LBXGLU,0.012254793688054806
DIQ010,0.0017196223942243006
