feature,importance
RIDAGEYR,0.17812743799649747
BMXBMI,0.020835756550598352
LBXGLT,0.015326847456478552
RIAGENDR,0.01204971617811162
LBXGLU,0.010182698136534973
PAQ605,0.008549993318990357
LBXIN,0.004760246786566436
DIQ010,0.004313158950642209
