feature,importance
RIDAGEYR,0.1470473556077761
LBXIN,0.038078749755169825
BMXBMI,0.03132898028183232
LBXGLT,0.01850308603257154
PAQ605,0.017499085803070694
RIAGENDR,0.007897782308200292
LBXGLU,0.001698177071451685
DIQ010,0.0014386575020106619
