feature,importance
RIDAGEYR,0.17441322732948186
BMXBMI,0.02203716028674004
LBXGLT,0.018036781987201274
RIAGENDR,0.011195981939950138
LBXIN,0.010732311548910089
LBXGLU,0.0102935538228409
PAQ605,0.009348268667744134
DIQ010,0.0017650189422960998
