feature,importance
RIDAGEYR,0.1683864342331983
BMXBMI,0.023018777864026087
LBXGLT,0.021336602096164236
RIAGENDR,0.020818767715739248
PAQ605,0.016706092659278984
LBXGLU,0.0028440999051545022
DIQ010,0.0023800672784017804
LBXIN,0.0013279644561151808
