feature,importance
RIDAGEYR,0.1173472806499377
BMXBMI,0.0372916600187202
LBXIN,0.031296945231919615
LBXGLT,0.027525035092671804
PAQ605,0.027118636436717528
RIAGENDR,0.015123379009152484
LBXGLU,0.005802153775091954
DIQ010,0.0023969143184604477
