feature,importance
RIDAGEYR,0.17185043312328013
LBXGLT,0.015871255360316788
PAQ605,0.014548982371599907
BMXBMI,0.014296407534799974
RIAGENDR,0.011313214803048787
LBXIN,0.003480010284504904
LBXGLU,0.0003811372772823452
DIQ010,8.694760788594478e-05
