feature,importance
RIDAGEYR,0.11523718761040848
LBXGLT,0.027242157232446707
PAQ605,0.026518855882882532
LBXIN,0.02405451973869122
BMXBMI,0.02325888607221008
RIAGENDR,0.015754763058302777
LBXGLU,0.01311027160303534
DIQ010,0.00028586929471149984
