feature,importance
RIDAGEYR,0.14472787377957727
LBXIN,0.041916357578468025
BMXBMI,0.032655331774771985
LBXGLT,0.02206216389024388
PAQ605,0.019556375644382045
LBXGLU,0.009832623583735977
RIAGENDR,0.008269384431111821
DIQ010,0.001397324578053732
