feature,importance
RIDAGEYR,0.14385306561506975
LBXIN,0.040904662975662816
BMXBMI,0.03064725172924445
LBXGLT,0.020782076612276698
PAQ605,0.01777748290945122
RIAGENDR,0.006273905438765922
LBXGLU,0.00624575506240081
DIQ010,0.0011387903996005284
