feature,importance
RIDAGEYR,0.13399202767077895
BMXBMI,0.0356100822457494
LBXGLT,0.03185163134526531
PAQ605,0.028773516293024052
RIAGENDR,0.016315133691076247
LBXGLU,0.0023834039062256025
DIQ010,0.00043930818972944593
LBXIN,0.0003754239209333517
