feature,importance
RIDAGEYR,0.18955853829437397
BMXBMI,0.026316364803228024
RIAGENDR,0.014606315383202123
LBXGLT,0.011076813807778361
LBXIN,0.010374828912847606
PAQ605,0.008394335498830445
LBXGLU,0.00680823124856526
DIQ010,0.004103775527088206
