feature,importance
RIDAGEYR,0.15251945706224843
LBXGLT,0.05123083954861926
LBXGLU,0.028426166900615127
BMXBMI,0.021797302528626147
LBXIN,0.021417816766012423
PAQ605,0.0022785181441966128
RIAGENDR,0.0022754381037146396
DIQ010,0.0002391281347593511
