feature,importance
RIDAGEYR,0.1592421949001638
LBXGLT,0.04545651599127265
LBXGLU,0.027368488288437617
BMXBMI,0.02220351768958222
LBXIN,0.021794216959232615
PAQ605,0.002346723324095729
RIAGENDR,0.002160248350105276
DIQ010,0.00030282252937023705
