feature,importance
RIDAGEYR,0.13134115737608182
LBXGLU,0.06723455229149294
LBXIN,0.06236834942320817
LBXGLT,0.06131126132746858
BMXBMI,0.018805910018928097
RIAGENDR,0.0045952195781076574
PAQ605,0.0038136278037309225
DIQ010,0.00043690882683559084
