feature,importance
RIDAGEYR,0.16707598831233678
LBXGLT,0.04624221860275452
LBXGLU,0.029391074390435777
LBXIN,0.02340445334851957
BMXBMI,0.021047999244427854
PAQ605,0.0022943594410956827
RIAGENDR,0.0022293126381424284
DIQ010,0.0003103277650938382
