feature,importance
RIDAGEYR,0.10369451828284525
LBXGLT,0.06889066291953204
LBXGLU,0.051668638441052184
LBXIN,0.03758666487815194
BMXBMI,0.018223587641253
RIAGENDR,0.0049391852821342105
PAQ605,0.0040562654340156
DIQ010,0.0005688740945112054
