feature,importance
RIDAGEYR,0.12441234494086278
LBXGLT,0.07125219962403535
LBXGLU,0.04288722530734044
BMXBMI,0.02096140097473002
LBXIN,0.020797904213702822
RIAGENDR,0.005283095850636488
PAQ605,0.004551831486461693
DIQ010,0.00021912484730952
