feature,importance
RIDAGEYR,0.16231760258004208
LBXGLT,0.04639971910082673
LBXGLU,0.027504858254349597
LBXIN,0.023117941562859776
BMXBMI,0.022210963672231243
RIAGENDR,0.0022932142706507154
PAQ605,0.002172198089866933
DIQ010,0.00030705747778548165
