feature,importance
RIDAGEYR,0.1455264301757795
LBXGLT,0.07389756102925384
LBXGLU,0.051605005461593405
BMXBMI,0.026284475742510013
LBXIN,0.02175933194121456
PAQ605,0.004277891060757236
RIAGENDR,0.0038505566455365563
DIQ010,0.0005718087461414442
