feature,importance
RIDAGEYR,0.14590122830092603
LBXGLT,0.0534300935423046
LBXGLU,0.04021843667644216
LBXIN,0.02098115939798686
BMXBMI,0.018652487575776724
RIAGENDR,0.0036077632656158413
PAQ605,0.0026921050840489438
DIQ010,4.873092027800052e-05
