feature,importance
RIDAGEYR,0.097974843454826
LBXGLT,0.07698422111263085
LBXGLU,0.06287337173896017
LBXIN,0.03151985504976546
BMXBMI,0.017642906089794595
RIAGENDR,0.0063040200346841276
PAQ605,0.005126810442248481
DIQ010,0.00018956125864882828
