feature,importance
RIDAGEYR,0.11354698616709935
LBXGLU,0.07267078633710908
LBXGLT,0.06442159874216764
LBXIN,0.062476423439540955
BMXBMI,0.01802221257377816
RIAGENDR,0.0048451844858577635
PAQ605,0.003805919403668781
DIQ010,0.0005394729668763997
