feature,importance
RIDAGEYR,0.13138963168463155
LBXGLU,0.06649263216003941
LBXGLT,0.062124509202610693
LBXIN,0.061527686166323675
BMXBMI,0.01924250094551278
RIAGENDR,0.004648826480225322
PAQ605,0.0037900997649408076
DIQ010,0.0004367491837517241
