feature,importance
RIDAGEYR,0.1497058260047903
LBXGLT,0.0554063752548896
LBXGLU,0.03336386388292917
LBXIN,0.02488313642281955
BMXBMI,0.022639531221951746
PAQ605,0.002211076710943767
RIAGENDR,0.0021545956117795294
DIQ010,0.0003610000957591616
