feature,importance
HbA1c_level,0.06711864750685945
blood_glucose_level,0.04722304394886681
age,0.01822674230389103
bmi,0.010268354634150816
smoking_history,0.005235943121330282
hypertension,0.0044108890155446405
gender,0.003875296605258
heart_disease,0.003070115931039906
